Month,EMI,Interest,Principal,Balance
1,4339.116166827671,3541.666666666667,797.4495001610039,499202.550499839
2,4339.116166827671,3536.0180660405267,803.0981007871442,498399.45239905186
3,4339.116166827671,3530.329454493284,808.7867123343867,497590.6656867175
4,4339.116166827671,3524.600548614249,814.5156182134219,496776.1500685041
5,4339.116166827671,3518.8310629852376,820.2851038424333,495955.86496466165
6,4339.116166827671,3513.0207101663536,826.0954566613173,495129.76950800035
7,4339.116166827671,3507.1692006816693,831.9469661460016,494297.82254185434
8,4339.116166827671,3501.276243004802,837.839923822869,493459.9826180315
9,4339.116166827671,3495.34154354439,843.774623283281,492616.2079947482
10,4339.116166827671,3489.364806629467,849.7513601982041,491766.45663455
11,4339.116166827671,3483.3457344947296,855.7704323329413,490910.68620221707
12,4339.116166827671,3477.2840272657045,861.8321395619664,440048.8540626551
13,4339.116166827671,3471.1793829438075,867.9367838838634,489180.9172787713
14,4339.116166827671,3465.031497391297,874.084669436374,488306.8326093349
15,4339.116166827671,3458.8400643161226,880.2761025115483,487426.55650682334
16,4339.116166827671,3452.6047752566656,886.5113915710053,486540.0451152523
17,4339.116166827671,3446.325319566371,892.7908472612999,485647.254267991
18,4339.116166827671,3440.0013843982697,899.1147824294012,484748.1394855616
19,4339.116166827671,3433.6326546893947,905.4835121382762,483842.65597342333
20,4339.116166827671,3427.218813145082,911.8973536825888,482930.7586197407
21,4339.116166827671,3420.7595402231636,918.3566266045073,482012.4019931362
22,4339.116166827671,3414.2545141180485,924.8616527096224,481087.5403404266
23,4339.116166827671,3407.703410744689,931.412756082982,480156.1275843436
24,4339.116166827671,3401.105903722434,938.0102631052368,449218.1173212384
25,4339.116166827671,3394.461664358772,944.654502468899,478273.4628187695
26,4339.116166827671,3387.770361632951,951.34580519472,477322.1170135748
27,4339.116166827671,3381.0316621794886,958.0845046481822,476364.03250892664
28,4339.116166827671,3374.2452302715637,964.8709365561072,475399.16157237056
29,4339.116166827671,3367.4107278042916,971.7054390233793,474427.4561333472
30,4339.116166827671,3360.527814277876,978.5883525497948,473448.86778079736
31,4339.116166827671,3353.5961467806483,985.5200200470226,472463.34776075033
32,4339.116166827671,3346.615379971982,992.5007868556891,471470.84697389463
33,4339.116166827671,3339.5851660650874,999.5310007625835,470471.31597313203
34,4339.116166827671,3332.5051548096853,1006.6110120179856,469464.70496111404
35,4339.116166827671,3325.374993474558,1013.741173353113,468450.96378776093
36,4339.116166827671,3318.1943268299733,1020.9218399976976,447430.04194776324
37,4339.116166827671,3310.9627971299897,1028.1533696976812,466401.88857806555
38,4339.116166827671,3303.6800440946313,1035.4361227330396,465366.4524553325
39,4339.116166827671,3296.345704891939,1042.7704619357319,464323.6819933968
40,4339.116166827671,3288.959414119894,1050.1567527077768,463273.525240689
41,4339.116166827671,3281.520803788214,1057.595363039457,462215.9298776495
42,4339.116166827671,3274.0295033000175,1065.0866635276534,461150.8432141219
43,4339.116166827671,3266.4851394333637,1072.6310273943072,460078.21218672756
44,4339.116166827671,3258.887336322654,1080.228830505017,458997.9833562225
45,4339.116166827671,3251.2357154399097,1087.8804513877612,457910.1029048347
46,4339.116166827671,3243.529895575913,1095.5862712517578,456814.51663358294
47,4339.116166827671,3235.7694928212127,1103.3466740064582,455711.1699595765
48,4339.116166827671,3227.9541205470005,1111.1620462806704,454600.0079132958
49,4339.116166827671,3220.0833893858457,1119.0327774418251,453480.975135854
50,4339.116166827671,3212.1569072122993,1126.9592596153716,452354.0158762386
51,4339.116166827671,3204.174279123357,1134.941887704314,451219.0739885343
52,4339.116166827671,3196.1351074187846,1142.9810594088863,450076.0929291254
53,4339.116166827671,3188.0389915813053,1151.0771752463656,448925.01575387904
54,4339.116166827671,3179.8855282566433,1159.2306385710276,447765.785115308
55,4339.116166827671,3171.674311233432,1167.4418555942389,446598.3432597138
56,4339.116166827671,3163.404931422973,1175.711235404698,445422.6320243091
57,4339.116166827671,3155.0769768388564,1184.0391899888145,444238.59283432027
58,4339.116166827671,3146.6900325764354,1192.4261342512355,443046.16670006904
59,4339.116166827671,3138.243680792156,1200.872486035515,441845.2942140335
60,4339.116166827671,3129.737500682738,1209.378666144933,440635.9155478886
61,4339.116166827671,3121.171068464211,1217.9450983634597,439417.97044952516
62,4339.116166827671,3112.5439573508033,1226.5722094768676,438191.3982400483
63,4339.116166827671,3103.855737533676,1235.260429293995,436956.1378107543
64,4339.116166827671,3095.1059761595097,1244.0101906681612,435712.12762008613
65,4339.116166827671,3086.2942373089436,1252.8219295187273,434459.3056905674
66,4339.116166827671,3077.4200819748526,1261.6960848528183,433197.6096057146
67,4339.116166827671,3068.483068040479,1270.633098787192,431926.9765069274
68,4339.116166827671,3059.4827502574026,1279.6334165702683,430647.34309035714
69,4339.116166827671,3050.4186802233635,1288.6974866043074,429358.6456037528
70,4339.116166827671,3041.290406359916,1297.8257604677551,428060.8198432851
71,4339.116166827671,3032.0974738899363,1307.0186929377346,426753.80115034734
72,4339.116166827671,3022.8394248149607,1316.2767420127102,425437.52440833463
73,4339.116166827671,3013.5157978923708,1325.6003689353001,424111.9240393993
74,4339.116166827671,3004.126128612412,1334.9900382152591,422776.93400118407
75,4339.116166827671,2994.669949175054,1344.4462176526167,421432.4877835314
76,4339.116166827671,2985.1467884666813,1353.9693783609896,420078.5184051704
77,4339.116166827671,2975.556172036624,1363.5599947910468,418714.95841037936
78,4339.116166827671,2965.897622073521,1373.2185447541501,417341.7398656252
79,4339.116166827671,2956.1706573815122,1382.9455094461587,415958.7943561791
80,4339.116166827671,2946.3747933562686,1392.7413734714023,414566.0529827077
81,4339.116166827671,2936.5095419608465,1402.6066248668244,413163.44635784085
82,4339.116166827671,2926.574411701373,1412.541755126298,411750.9046027145
83,4339.116166827671,2916.5689076025615,1422.5472592251094,410328.3573434894
84,4339.116166827671,2906.4925311830502,1432.6236356446207,408895.7337078448
85,4339.116166827671,2896.3447804305674,1442.7713863971035,407452.9623214477
86,4339.116166827671,2886.1251497769213,1452.9910170507496,405999.9713043969
87,4339.116166827671,2875.833130072812,1463.283036754859,404536.68826764205
88,4339.116166827671,2865.468208562465,1473.647958265206,403063.04030937684
89,4339.116166827671,2855.029868858086,1484.0862979695848,401578.9540114073
90,4339.116166827671,2844.517590914135,1494.598575913536,400084.35543549375
91,4339.116166827671,2833.9308510014143,1505.1853158262566,398579.1701196675
92,4339.116166827671,2823.269121680978,1515.8470451466928,397063.3230745208
93,4339.116166827671,2812.531871777856,1526.584295049815,395536.73877947096
94,4339.116166827671,2801.718566354586,1537.3976004730848,393999.3411789979
95,4339.116166827671,2790.8286666845684,1548.2875001431025,392451.0536788548
96,4339.116166827671,2779.8616302252217,1559.2545366024492,390891.7991422523
97,4339.116166827671,2768.816910590954,1570.2992562367167,389321.4998860156
98,4339.116166827671,2757.693957525944,1581.422209301727,387740.0776767139
99,4339.116166827671,2746.4922168767234,1592.6239499509475,386147.4537267629
100,4339.116166827671,2735.211130564571,1603.9050362631,384543.5486904998
101,4339.116166827671,2723.850136557707,1615.2660302699637,382928.28266022983
102,4339.116166827671,2712.408668843295,1626.707497984376,381301.5751622454
103,4339.116166827671,2700.8861573992385,1638.2300094284324,379663.34515281697
104,4339.116166827671,2689.282028165787,1649.834138661884,378013.5110141551
105,4339.116166827671,2677.595703016932,1661.5204638107389,376351.99055034434
106,4339.116166827671,2665.826599731606,1673.2895670960647,374678.7009832483
107,4339.116166827671,2653.9741319646755,1685.1420348629954,372993.5589483853
108,4339.116166827671,2642.0377092177296,1697.0784576099413,371296.4804907754
109,4339.116166827671,2630.016736809659,1709.0994300180118,369587.3810607574
110,4339.116166827671,2617.9106158470317,1721.2055509806391,367866.17550977675
111,4339.116166827671,2605.718743194252,1733.3974236334188,366132.7780861433
112,4339.116166827671,2593.4405114435153,1745.6756553841556,364387.1024307592
113,4339.116166827671,2581.0753088845445,1758.0408579431264,362629.06157281605
114,4339.116166827671,2568.6225194741137,1770.4936473535572,360858.5679254625
115,4339.116166827671,2556.0815228053593,1783.0346440223116,359075.5332814402
116,4339.116166827671,2543.4516940768685,1795.6644727508024,357279.8688086894
117,4339.116166827671,2530.7324040615504,1808.3837627661205,355471.48504592327
118,4339.116166827671,2517.92301907529,1821.1931477523808,353650.2918981709
119,4339.116166827671,2505.0229009453774,1834.0932658822935,351816.1986322886
120,4339.116166827671,2492.031406978711,1847.08475984896,349969.11387243966
121,4339.116166827671,2478.947889929781,1860.1682768978899,348108.9455955418
122,4339.116166827671,2465.771697968421,1873.34446885925,346235.60112668254
123,4339.116166827671,2452.502174647335,1886.613992180336,344348.9871345022
124,4339.116166827671,2439.138658869391,1899.97750795828,342449.0096265439
125,4339.116166827671,2425.6804848546863,1913.4356819729846,340535.5739445709
126,4339.116166827671,2412.1269821073774,1926.9891847202935,338608.58475985064
127,4339.116166827671,2398.4774753822753,1940.6386914453956,336667.94606840523
128,4339.116166827671,2384.731284651204,1954.3848821764668,334713.56118622876
129,4339.116166827671,2370.8877250691207,1968.2284417585502,332745.3327444702
130,4339.116166827671,2356.9461069399977,1982.1700598876732,330763.1626845825
131,4339.116166827671,2342.9057356824596,1996.2104311452113,328766.9522534373
132,4339.116166827671,2328.765911795181,2010.3502550324897,326756.60199840483
133,4339.116166827671,2314.5259308220343,2024.5902360056366,324732.01176239917
134,4339.116166827671,2300.185083316994,2038.9310835106767,322693.0806788885
135,4339.116166827671,2285.7426548087938,2053.373512018877,320639.7071668696
136,4339.116166827671,2271.1979257653265,2067.9182410623444,318571.7889258073
137,4339.116166827671,2256.5501715578016,2082.5659952698693,316489.2229305374
138,4339.116166827671,2241.79866242464,2097.317504403031,314391.9054261344
139,4339.116166827671,2226.942663435119,2112.173503392552,312279.73192274186
140,4339.116166827671,2211.981434452755,2127.134732374916,310152.59719036694
141,4339.116166827671,2196.9142300984327,2142.2019367292382,308010.3952536377
142,4339.116166827671,2181.740299713267,2157.3758671144037,305853.0193865233
143,4339.116166827671,2166.458887321207,2172.657279506464,303680.36210701684
144,4339.116166827671,2151.0692315913693,2188.0469352363016,301492.31517178053
145,4339.116166827671,2135.570565800112,2203.545601027559,299288.769570753
146,4339.116166827671,2119.962117792834,2219.154049034837,297069.61552171817
147,4339.116166827671,2104.243109945504,2234.873056882167,294834.742464836
148,4339.116166827671,2088.4127591259216,2250.7034077017493,292584.03905713424
149,4339.116166827671,2072.470276654701,2266.6458901729698,290317.39316696126
150,4339.116166827671,2056.4148682659757,2282.7012985616952,288034.69186839956
151,4339.116166827671,2040.2457340678304,2298.8704327598407,285735.8214356397
152,4339.116166827671,2023.962068502448,2315.154098325223,283420.66733731446
153,4339.116166827671,2007.5630603059776,2331.5531065216933,281089.11423079274
154,4339.116166827671,1991.0478924681154,2348.0682743595553,278741.04595643317
155,4339.116166827671,1974.4157421914017,2364.7004246362694,276376.3455317969
156,4339.116166827671,1957.6657808502284,2381.4503859774422,273994.89514581946
157,4339.116166827671,1940.7971739495547,2398.318992878116,271596.5761529413
158,4339.116166827671,1923.8090810833346,2415.3070857443363,269181.269067197
159,4339.116166827671,1906.7006558926455,2432.4155109350254,266748.853556262
160,4339.116166827671,1889.4710460235226,2449.645120804148,264299.20843545784
161,4339.116166827671,1872.1193930844931,2466.996773743178,261832.21166171465
162,4339.116166827671,1854.6448326038123,2484.4713342238583,259347.74032749078
163,4339.116166827671,1837.0464939863932,2502.0696728412777,256845.6706546495
164,4339.116166827671,1819.323500470434,2519.792666357237,254325.87798829225
165,4339.116166827671,1801.4749690837368,2537.641197743934,251788.2367905483
166,4339.116166827671,1783.5000105997174,2555.6161562279535,249232.62063432037
167,4339.116166827671,1765.3977294931028,2573.718437334568,246658.9021969858
168,4339.116166827671,1747.167223895316,2591.948942932355,244066.95325405343
169,4339.116166827671,1728.8075855495451,2610.3085812781255,241456.6446727753
170,4339.116166827671,1710.3178997654918,2628.798267062179,238827.84640571312
171,4339.116166827671,1691.6972453738015,2647.418921453869,236180.42748425924
172,4339.116166827671,1672.9446946801697,2666.171472147501,233514.25601211173
173,4339.116166827671,1654.059313419125,2685.056853408546,230829.19915870318
174,4339.116166827671,1635.040160707481,2704.07600612019,228125.123152583
175,4339.116166827671,1615.886288997463,2723.229877830208,225401.89327475277
176,4339.116166827671,1596.596744029499,2742.519422798172,222659.3738519546
177,4339.116166827671,1577.1705647846784,2761.9456020429925,219897.4282499116
178,4339.116166827671,1557.606783436874,2781.5093833907968,217115.9188665208
179,4339.116166827671,1537.9044253045224,2801.2117415231487,214314.70712499766
180,4339.116166827671,1518.0625088020668,2821.053658025604,211493.65346697206
181,4339.116166827671,1498.0800453910522,2841.0361214366185,208652.61734553543
182,4339.116166827671,1477.956039530876,2861.1601272967946,205791.45721823865
183,4339.116166827671,1457.6894886291905,2881.4266781984807,202910.03054004017
184,4339.116166827671,1437.2793829919513,2901.83678383572,200008.19375620445
185,4339.116166827671,1416.724705773115,2922.391461054556,197085.8022951499
186,4339.116166827671,1396.0244329239786,2943.0917339036923,194142.7105612462
187,4339.116166827671,1375.1775331421607,2963.9386336855105,191178.77192756068
188,4339.116166827671,1354.1829678202216,2984.9331990074493,188193.83872855324
189,4339.116166827671,1333.0396909939188,3006.076475833752,185187.7622527195
190,4339.116166827671,1311.7466492900965,3027.369517537574,182160.39273518193
191,4339.116166827671,1290.3027818742055,3048.813384953465,179111.57935022845
192,4339.116166827671,1268.7070203974515,3070.409146430219,176041.17020379822
193,4339.116166827671,1246.9582889435708,3092.1578778841003,172949.0123259141
194,4339.116166827671,1225.055503975225,3114.0606628524456,169834.95166306166
195,4339.116166827671,1202.9975742800202,3136.1185925476507,166698.833070514
196,4339.116166827671,1180.7834009161409,3158.3327659115303,163540.50030460246
197,4339.116166827671,1158.4118771576009,3180.70428967007,160359.7960149324
198,4339.116166827671,1135.8818884391046,3203.234278388566,157156.56173654384
199,4339.116166827671,1113.192312300519,3225.923854527152,153930.6378820167
200,4339.116166827671,1090.3420183309515,3248.774148496719,150681.86373351997
201,4339.116166827671,1067.3298681124331,3271.7862987152375,147410.07743480473
202,4339.116166827671,1044.1547151632003,3294.9614516644706,144115.11598314025
203,4339.116166827671,1020.8154048805768,3318.300761947094,140796.81522119316
204,4339.116166827671,997.3107744834516,3341.8053923442194,137455.00982884894
205,4339.116166827671,973.6396529543467,3365.476513873324,134089.53331497562
206,4339.116166827671,949.8008609810773,3389.3153058465937,130700.21800912902
207,4339.116166827671,925.7932108979973,3413.3229559296738,127286.89505319935
208,4339.116166827671,901.6155066268287,3437.500660200842,123849.39439299851
209,4339.116166827671,877.2665436170729,3461.849623210598,120387.54476978791
210,4339.116166827671,852.7451087859978,3486.371058041673,116901.17371174625
211,4339.116166827671,828.0499804582026,3511.066186369468,113390.10752537678
212,4339.116166827671,803.1799283047523,3535.9362385229188,109854.17128685386
213,4339.116166827671,778.1337132818816,3560.982453545789,106293.18883330807
214,4339.116166827671,752.9100875692656,3586.206079258405,102706.98275404966
215,4339.116166827671,727.5077945078518,3611.608372319819,99095.37438172984
216,4339.116166827671,701.9255685372531,3637.1905982904177,95458.18378343942
217,4339.116166827671,676.162135132696,3662.954031694975,91795.22975174445
218,4339.116166827671,650.2162107415232,3688.8999560861475,88106.32979565831
219,4339.116166827671,624.0865027192464,3715.0296641084246,84391.30013154988
220,4339.116166827671,597.7717092651451,3741.344457562526,80649.95567398735
221,4339.116166827671,571.2705193574104,3767.8456474702607,76882.1100265171
222,4339.116166827671,544.5816126878295,3794.5345541398415,73087.57547237726
223,4339.116166827671,517.7036595960057,3821.412507231665,69266.16296514559
224,4339.116166827671,490.6353210031146,3848.480845824556,65417.682119321034
225,4339.116166827671,463.3752483451907,3875.74091848248,61541.941200838555
226,4339.116166827671,435.9220835059398,3903.1940833217313,57638.747117516825
227,4339.116166827671,408.27445874907755,3930.8417080785935,53707.90540943823
228,4339.116166827671,380.43099665018747,3958.6851701774835,49749.22023926074
229,4339.116166827671,352.39031002809696,3986.725856799574,45762.49438246117
230,4339.116166827671,324.1510018757666,4014.965164951904,41747.52921750926
231,4339.116166827671,295.71166529069063,4043.40450153698,37704.124715972284
232,4339.116166827671,267.0708834048037,4072.045283422867,33632.07943254942
233,4339.116166827671,238.22722931389174,4100.888937513779,29531.19049503564
234,4339.116166827671,209.17926600650247,4129.936900821169,25401.25359421447
235,4339.116166827671,179.92554629235252,4159.190620535318,21242.062973679152
236,4339.116166827671,150.46461273022734,4188.651554097443,17053.41141958171
237,4339.116166827671,120.79499755537044,4218.321169272301,12835.090250309408
238,4339.116166827671,90.91522260635831,4248.200944221313,8586.889306088095
239,4339.116166827671,60.82379925145734,4278.292367576213,4308.5969385118815
240,4339.116166827671,30.519228314459163,4308.596938513212,0.0
